RemoteWork,count,median,mean
Remote,8174,65857.5,81531.64576706631
"Hybrid (some remote, some in-person)",7814,65857.5,73214.4006270796
In-person,2857,65857.5,63507.198984949246
